part_id,name,category,stud_x,stud_y,height_units,active
3023,Plate 1 x 2,Plates,1,2,1,true
98138,Tile Round 1 x 1,Tiles Round and Curved,1,1,1,true
3024,Plate 1 x 1,Plates,1,1,1,true
54200,Slope 30° 1 x 1 x 2/3 (Cheese Slope),Bricks Sloped,1,1,2/3,true
3069b,Tile 1 x 2 with Groove,Tiles,1,2,1,true
3710,Plate 1 x 4,Plates,1,4,1,true
25269,Tile Round 1 x 1 Quarter,Tiles Round and Curved,1,1,1,true
3070b,Tile 1 x 1 with Groove,Tiles,1,1,1,true
3004,Brick 1 x 2,Bricks,1,2,1,true
3005,Brick 1 x 1,Bricks,1,1,1,true
3020,Plate 2 x 4,Plates,2,4,1,true
3022,Plate 2 x 2,Plates,2,2,1,true
15573,Plate Special 1 x 2 with 1 Stud with Groove and Inside Stud Holder (Jumper),Plates Special,1,2,1,true
3623,Plate 1 x 3,Plates,1,3,1,true
3021,Plate 2 x 3,Plates,2,3,1,true
3666,Plate 1 x 6,Plates,1,6,1,true
85984,Slope 30° 1 x 2 x 2/3,Bricks Sloped,1,2,2/3,true
85861,Plate Round 1 x 1 with Open Stud,Plates Round Curved and Dishes,1,1,1,true
3010,Brick 1 x 4,Bricks,1,4,1,true
2431,Tile 1 x 4 with Groove,Tiles,1,4,1,true
11477,Slope Curved 2 x 1 No Studs [1/2 Bow],Bricks Curved,2,1,1,true
2420,Plate 2 x 2 Corner,Plates,2,2,1,true
15068,Slope Curved 2 x 2 x 2/3,Bricks Curved,2,2,2/3,true
24866,"Plant, Flower, Plate Round 1 x 1 with 5 Petals",Plants & Trees,1,1,1,true
3001,Brick 2 x 4,Bricks,2,4,1,true
3003,Brick 2 x 2,Bricks,2,2,1,true
3062b,Brick Round 1 x 1 Open Stud,Bricks Round and Cones,1,1,1,true
3068b,Tile 2 x 2 with Groove,Tiles,2,2,1,true
87079,Tile 2 x 4 with Groove,Tiles,2,4,1,true
3795,Plate 2 x 6,Plates,2,6,1,true
6636,Tile 1 x 6 with Groove,Tiles,1,6,1,true
3622,Brick 1 x 3,Bricks,1,3,1,true
87580,Plate Special 2 x 2 with Groove and Center Stud (Jumper),Plates Special,2,2,1,true
63864,Tile 1 x 3,Tiles,1,3,1,true
3460,Plate 1 x 8,Plates,1,8,1,true
15712,Tile Special 1 x 1 with Clip with Rounded Edges,Tiles Special,1,1,1,true
87087,Brick Special 1 x 1 with Stud on 1 Side,Bricks Special,1,1,1,true
35480,Plate Special 1 x 2 Rounded with 2 Open Studs,Plates Round Curved and Dishes,1,2,1,true
99780,Bracket 1 x 2 - 1 x 2 Inverted,Plates Special,1,2,1,true
99207,Bracket 1 x 2 - 2 x 2 Inverted,Plates Special,1,2,1,true
3941,Brick Round 2 x 2 with Axle Hole,Bricks Round and Cones,2,2,1,true
4070,Brick Special 1 x 1 with Headlight,Bricks Special,1,1,1,true
22885,Brick Special 1 x 2 x 1 2/3 with 4 Studs on 1 Side,Bricks Special,1,2,1,true
3009,Brick 1 x 6,Bricks,1,6,1,true
11211,Brick Special 1 x 2 with 2 Studs on 1 Side,Bricks Special,1,2,1,true
32028,Plate Special 1 x 2 with Door Rail,Plates Special,1,2,1,true
4589,Cone 1 x 1 [No Top Groove],Bricks Round and Cones,1,1,1,true
6091,Brick Curved 1 x 2 x 1 1/3 with Curved Top,Bricks Curved,1,2,1,true
20482,Tile Round 1 x 1 with Hollow Bar,Tiles Special,1,1,1,true
33909,Plate Special 2 x 2 with Only 2 studs,Plates Special,2,2,1,true
4162,Tile 1 x 8 with Groove,Tiles,1,8,1,true
2357,Brick 2 x 2 Corner,Bricks,2,2,1,true
98283,Brick Special 1 x 2 with Masonry Brick Profile,Bricks Special,1,2,1,true
99206,Plate Special 2 x 2 x 2/3 with Two Studs On Side and Two Raised,Plates Special,2,2,2/3,true
3034,Plate 2 x 8,Plates,2,8,1,true
2877,Brick Special 1 x 2 with Grille,Bricks Special,1,2,1,true
99563,Tile Special 1 x 2 with Sloped Walls AKA Money / Gold Bar [Ingot],Tiles Special,1,2,1,true
44728,Bracket 1 x 2 - 2 x 2,Plates Special,1,2,1,true
32952,Brick Special 1 x 1 x 1 2/3 with Studs on 1 Side,Bricks Special,1,1,1,true
30136,Brick Special 1 x 2 Palisade [aka Log],Bricks Special,1,2,1,true
3660,"Slope Inverted 45° 2 x 2 [Ovoid Bottom Pin, Bar-sized Stud Holes]",Bricks Sloped,2,2,1,true
41740,Plate Special 1 x 4 with 2 Studs with Groove [New Underside],Plates Special,1,4,1,true
92280,Plate Special 1 x 2 [Top Clip],Plates Special,1,2,1,true
3665,Slope Inverted 45° 2 x 1,Bricks Sloped,2,1,1,true
3700,Technic Brick 1 x 2 [1 Pin Hole],Technic Bricks,1,2,1,false
27925,"Tile 2 x 2 Curved, Macaroni",Tiles Round and Curved,2,2,1,true
3039,Slope 45° 2 x 2,Bricks Sloped,2,2,1,true
2654,Plate Round 2 x 2 with Rounded Bottom [Boat Stud],Plates Round Curved and Dishes,2,2,1,true
92946,Slope 45° 2 x 1 with 2/3 Cutout [Original Version],Bricks Sloped,2,1,1,true
24246,Tile Round 1 x 1 Half Circle,Tiles Round and Curved,1,1,1,true
26603,Tile 2 x 3,Tiles,2,3,1,true
99781,Bracket 1 x 2 - 1 x 2,Plates Special,1,2,1,true
26601,Wedge Plate 2 x 2 Cut Corner,Plates Angled,2,2,1,false
93273,Slope Curved 4 x 1 Double with No Studs,Bricks Curved,4,1,1,true
60478,Plate Special 1 x 2 with Handle on End [Closed Ends],Plates Special,1,2,1,true
32607,"Plant, Plate 1 x 1 Round with 3 Leaves",Plants & Trees,1,1,1,true
63868,Plate Special 1 x 2 with Clip Horizontal on End,Plates Special,1,2,1,true
4477,Plate 1 x 10,Plates,1,10,1,true
3245c,Brick 1 x 2 x 2 with Inside Stud Holder,Bricks,1,2,2,true
48336,Plate Special 1 x 2 [Side Handle Closed Ends],Plates Special,1,2,1,true
61252,Plate Special 1 x 1 with Clip Horizontal [Thick Open O Clip],Plates Special,1,1,1,true
3031,Plate 4 x 4,Plates,4,4,1,true
49307,"Brick Curved 1 x 1 x 2/3 Double Curved Top, No Studs",Bricks Curved,1,1,2/3,true
50950,Slope Curved 3 x 1 No Studs,Bricks Curved,3,1,1,true
24201,Slope Curved 2 x 1 Inverted,Bricks Curved,2,1,1,true
18674,Plate Special Round 2 x 2 with Center Stud (Jumper Plate),Plates Special,2,2,1,true
28192,Slope 45° 2 x 1 with 2/3 Inverted Cutout and no stud,Bricks Sloped,2,1,1,true
30414,Brick Special 1 x 4 with 4 Studs on One Side,Bricks Special,1,4,1,true
3002,Brick 2 x 3,Bricks,2,3,1,true
26047,Plate Special 1 x 1 Rounded with Handle,Plates Special,1,1,1,true
34103,Plate Special 1 x 3 with 2 Studs with Groove and Inside Stud Holder (Jumper),Plates Special,1,3,1,true
61409,Slope 18° 2 x 1 x 2/3 with 4 Slots / Grate,Bricks Sloped,2,1,2/3,true
32828,Plate Round 1 x 1 with Hollow Stud and Horizontal Bar 1L,Plates Special,1,1,1,true
6541,Technic Brick 1 x 1 with Pin Hole,Technic Bricks,1,1,1,false
3032,Plate 4 x 6,Plates,4,6,1,true
3008,Brick 1 x 8,Bricks,1,8,1,true
32523,Technic Beam 1 x 3 Thick,Technic Beams,1,3,1,false
36840,Bracket 1 x 1 - 1 x 1 Inverted,Plates Special,1,1,1,true
11476,Plate Special 1 x 2 with Clip Horizontal on Side,Plates Special,1,2,1,true
32803,Slope Curved 2 x 2 x 2/3 Inverted,Bricks Curved,2,2,2/3,true
60483,Technic Beam 1 x 2 Thick with Pin Hole and Axle Hole,Technic Beams,1,2,1,false
60592,Window 1 x 2 x 2 Flat Front,Windows and Doors,1,2,2,true
32316,Technic Beam 1 x 5 Thick,Technic Beams,1,5,1,false
14769,Tile Round 2 x 2 with Bottom Stud Holder,Tiles Round and Curved,2,2,1,true
2540,Plate Special 1 x 2 Side Handle [Free Ends],Plates Special,1,2,1,true
3832,Plate 2 x 10,Plates,2,10,1,true
32140,Technic Beam 2 x 4 L-Shape Thick,Technic Beams,2,4,1,false
29120,Slope Curved 2 x 1 with Stud Notch Left,Bricks Curved,2,1,1,true
32000,Technic Brick 1 x 2 [2 Pin Holes],Technic Bricks,1,2,1,false
60479,Plate 1 x 12,Plates,1,12,1,true
14719,Tile 2 x 2 Corner,Tiles,2,2,1,true
32524,Technic Beam 1 x 7 Thick,Technic Beams,1,7,1,false
11212,Plate 3 x 3,Plates,3,3,1,true
2456,Brick 2 x 6,Bricks,2,6,1,true
4286,Slope 33° 3 x 1,Bricks Sloped,3,1,1,true
61678,Slope Curved 4 x 1 No Studs [Stud Holder with Asymmetric Ridges],Bricks Curved,4,1,1,true
27263,Tile Special 2 x 2 Corner with Cut Corner - Facet,Tiles Special,2,2,1,true
29119,Slope Curved 2 x 1 with Stud Notch Right,Bricks Curved,2,1,1,true
18677,Plate Special 1 x 2 with Pin Hole Underneath,Plates Special,1,2,1,true
41677,Technic Beam 1 x 2 Thin,Technic Beams,1,2,1,false
4740,Dish 2 x 2 Inverted [Radar],Plates Round Curved and Dishes,2,2,1,true
60601,Glass for Window 1 x 2 x 2 Flat,Windows and Doors,1,2,2,true
32526,Technic Beam 3 x 5 L-Shape Thick,Technic Beams,3,5,1,false
36841,Bracket 1 x 1 - 1 x 1,Plates Special,1,1,1,true
87552,Panel 1 x 2 x 2 [Side Supports / Hollow Studs],Panels,1,2,2,true
85080,Brick Round Corner 2 x 2 Macaroni with Stud Notch and Reinforced Underside [New Style],Bricks Round and Cones,2,2,1,true
60474,Plate Round 4 x 4 with Pin Hole,Plates Round Curved and Dishes,4,4,1,true
26604,Brick Special 1 x 1 with Studs on 2 Adjacent Sides,Bricks Special,1,1,1,true
11458,Plate Special 1 x 2 with Pin Hole on Top,Plates Special,1,2,1,true
3937,Hinge Brick 1 x 2 Base,"Hinges, Arms and Turntables",1,2,1,true
35787,Tile 45° Cut 2 x 2 (Triangle),Tiles Special,2,2,1,true
60481,Slope 65° 2 x 1 x 2,Bricks Sloped,2,1,2,true
2450,Wedge Plate 3 x 3 Cut Corner,Plates Angled,3,3,1,false
14716,Brick 1 x 1 x 3,Bricks,1,1,3,true
15535,Tile Round 2 x 2 with Hole,Tiles Special,2,2,1,true
3035,Plate 4 x 8,Plates,4,8,1,true
3701,Technic Brick 1 x 4 [3 Pin Holes],Technic Bricks,1,4,1,false
64644,"Equipment Telescope / Torch / Spyglass, Support Round 1 x 1 x 1 2/3",Minifig Accessories,1,1,1,false
37352,Brick Curved 1 x 2 x 1 No Studs,Bricks Curved,1,2,1,true
2436,Bracket 1 x 2 - 1 x 4 [Square Corners],Plates Special,1,2,1,true
2445,Plate 2 x 12,Plates,2,12,1,true
6005,Brick Arch 1 x 3 x 2 Curved Top,Bricks Curved,1,3,2,true
22388,Slope 45° 1 x 1 x 2/3 Quadruple Convex [Pyramid],Bricks Sloped,1,1,2/3,true
14704,Plate Special 1 x 2 5.9mm Centre Side Towball Socket,Plates Special,1,2,1,true
11203,Tile Special 2 x 2 Inverted,Tiles Special,2,2,1,true
43722,Wedge Plate 3 x 2 Right,Plates Angled,3,2,1,false
40490,Technic Beam 1 x 9 Thick,Technic Beams,1,9,1,false
3065,Brick 1 x 2 without Bottom Tube,Bricks,1,2,1,true
43723,Wedge Plate 3 x 2 Left,Plates Angled,3,2,1,false
24309,Slope Curved 3 x 2 No Studs,Bricks Curved,3,2,1,true
22385,Tile Special 2 x 3 Pentagonal,Tiles Special,2,3,1,true
4282,Plate 2 x 16,Plates,2,16,1,true
3958,Plate 6 x 6,Plates,6,6,1,true
30357,Plate Round Corner 3 x 3,Plates Round Curved and Dishes,3,3,1,true
49668,Plate Special 1 x 1 with Tooth,Plates Special,1,1,1,true
4599b,Tap 1 x 1 without Hole in Spout,Minifig Accessories,1,1,1,false
6134,Hinge Brick 2 x 2 Top Plate Thin,"Hinges, Arms and Turntables",2,2,1,true
32278,Technic Beam 1 x 15 Thick,Technic Beams,1,15,1,false
6632,Technic Beam 1 x 3 Thin,Technic Beams,1,3,1,false
41770,Wedge Plate 4 x 2 Left,Plates Angled,4,2,1,false
3037,Slope 45° 2 x 4,Bricks Sloped,2,4,1,true
41769,Wedge Plate 4 x 2 Right,Plates Angled,4,2,1,false
69729,Tile 2 x 6,Tiles,2,6,1,true
2432,Tile Special 1 x 2 with Handle,Tiles Special,1,2,1,true
32525,Technic Beam 1 x 11 Thick,Technic Beams,1,11,1,false
3659,Brick Arch 1 x 4,Bricks Curved,1,4,1,true
41682,Bracket 2 x 2 with 1 x 2 Vertical Studs,Plates Special,2,2,1,true
47457,Brick Curved 2 x 2 x 2/3 Two Studs and Curved Slope End,Bricks Curved,2,2,2/3,true
93274,Bracket 1 x 2 - 2 x 4,Plates Special,1,2,1,true
27507,"Tile 4 x 4 Curved, Macaroni",Tiles Round and Curved,4,4,1,true
3036,Plate 6 x 8,Plates,6,8,1,true
24299,Wedge Plate 2 x 2 Left,Plates Angled,2,2,1,false
15070,Plate Special 1 x 1 with Vertical Tooth,Plates Special,1,1,1,true
87620,Wedge 2 x 2 Facet,Bricks Wedged,2,2,1,true
93606,Slope Curved 4 x 2 No Studs,Bricks Curved,4,2,1,true
24307,Wedge Plate 2 x 2 Right,Plates Angled,2,2,1,false
14417,Plate Special 1 x 2 with 5.9mm Centre Side Towball,Plates Special,1,2,1,true
88072,Plate Special 1 x 2 with Bar Up [Horizontal Arm 5mm],Plates Special,1,2,1,true
30565,Plate Round Corner 4 x 4,Plates Round Curved and Dishes,4,4,1,true
18653,Brick Arch 1 x 3 x 2 Inverted [Inside Bow],Bricks Curved,1,3,2,true
44865,Brick Special 1 x 2 with Pin - Bottom Stud Holder,Bricks Special,1,2,1,true
3007,Brick 2 x 8,Bricks,2,8,1,true
3176,"Plate Special 3 x 2 with Rounded End, Hole",Plates Special,3,2,1,true
2423,"Plant, Leaves 4 x 3",Plants & Trees,4,3,1,true
30153,Rock 1 x 1 Jewel / Gem 24 Facet,Rock,1,1,1,true
10247,Plate Special 2 x 2 with 1 Pin Hole [Complete Underside Rib],Plates Special,2,2,1,true
3298,Slope 33° 3 x 2,Bricks Sloped,3,2,1,true
54657,"Hinge Plate 1 x 2 Locking with 2 Fingers On End, without Groove, 7 Teeth","Hinges, Arms and Turntables",1,2,1,true
20310,Brick Special 1 x 1 with Scroll with Open Stud,Bricks Special,1,1,1,true
3747b,Slope Inverted 33° 3 x 2 [Connections between Studs],Bricks Sloped,3,2,1,true
51739,Wedge Plate 2 x 4,Plates Angled,2,4,1,false
73825,Bracket 1 x 1 - 1 x 2 Inverted,Plates Special,1,1,1,true
60596,Door Frame 1 x 4 x 6 Type 2,Windows and Doors,1,4,6,true
2465,Brick 1 x 16,Bricks,1,16,1,true
14418,Plate Special 1 x 2 5.9mm Towball Socket,Plates Special,1,2,1,true
15470,Plate Round 1 x 1 Swirled Top,Plates Round Curved and Dishes,1,1,1,true
35464,Slope Double 45° 1 x 1,Bricks Sloped,1,1,1,true
13547,Slope Curved 4 x 1 Inverted,Bricks Curved,4,1,1,true
13965,Brick Arch 1 x 3 x 3 [Gothic],Bricks Curved,1,3,3,true
92947,Brick Round 2 x 2 [Grill],Bricks Round and Cones,2,2,1,true
11478,Technic Beam 1 x 5 Thin with Axle Holes on Ends,Technic Beams,1,5,1,false
88646,Plate Special 3 x 4 with 1 x 4 Center Studs [Plain],Plates Special,3,4,1,true
6112,Brick 1 x 12,Bricks,1,12,1,true
3033,Plate 6 x 10,Plates,6,10,1,true
41239,Technic Beam 1 x 13 Thick,Technic Beams,1,13,1,false
23969,Panel 1 x 2 x 1 with Rounded Corners and 2 Sides,Panels,1,2,1,true
6111,Brick 1 x 10,Bricks,1,10,1,true
4733,Brick Special 1 x 1 Studs on 4 Sides,Bricks Special,1,1,1,true
87544,Panel 1 x 2 x 3 [Side Supports / Hollow Studs],Panels,1,2,3,true
60484,Technic Beam 3 x 3 T-Shape Thick,Technic Beams,3,3,1,false
6231,Panel 1 x 1 x 1 Corner,Panels,1,1,1,true
4490,Brick Arch 1 x 3,Bricks Curved,1,3,1,true
48092,Brick Round Corner 4 x 4 Macaroni Wide with 3 Studs,Bricks Round and Cones,4,4,1,true
18980,Plate Round Corners 2 x 6 Double,Plates Round Curved and Dishes,2,6,1,true
60477,Slope 18° 4 x 1,Bricks Sloped,4,1,1,true
6014b,Wheel 11 x 12 with Hole Notched for Wheels Holder Pin,Wheels and Tyres,11,12,1,false
3030,Plate 4 x 10,Plates,4,10,1,true
30503,Wedge Plate 4 x 4 Cut Corner,Plates Angled,4,4,1,false
55981,"Wheel 18 x 14 with Pin Hole, Fake Bolts and Shallow Spokes",Wheels and Tyres,18,14,1,false
88292,Brick Arch 1 x 3 x 2,Bricks Curved,1,3,2,true
11215,"Bracket 5 x 2 x 1 1/3 with Holes, Pin Bottom",Bricks Special,5,2,1,true
73562,Bracket 3 x 2 x 1 1/3 with Bottom Stud Holder,Bricks Special,3,2,1,true
60581,Panel 1 x 4 x 3 [Side Supports / Hollow Studs],Panels,1,4,3,true
3029,Plate 4 x 12,Plates,4,12,1,true
32124,"Technic Plate 1 x 5 with Smooth Ends, 4 Studs and Centre Axle Hole",Technic Special,1,5,1,false
15571,Slope 45° 2 x 1 Triple with Inside Stud Holder,Bricks Sloped,2,1,1,true
25214,Brick Round 1 x 1 diameter Tube with 90 Degree Elbow (2 x 2 x 1) and Axle Holes (Crossholes) at each end,Bricks Round and Cones,1,1,1,true
2417,"Plant, Leaves 6 x 5",Plants & Trees,6,5,1,true
4624,Wheel 8 x 6,Wheels and Tyres,8,6,1,false
13548,Wedge Sloped 45° 2 x 2 Corner,Bricks Wedged,2,2,1,true
3709,Technic Plate 2 x 4 [3 Holes],Plates Special,2,4,1,true
3045,Slope 45° 2 x 2 Double Convex,Bricks Sloped,2,2,1,true
32449,Technic Beam 1 x 4 Thin,Technic Beams,1,4,1,false
2449,Slope Inverted 75° 2 x 1 x 3,Bricks Sloped,2,1,3,true
88930,"Slope Brick Curved 2 x 4 x 2/3 No Studs, with Bottom Tubes",Bricks Curved,2,4,2/3,true
4079b,Seat / Chair 2 x 2 with Center Sprue Mark,Transportation - Land,2,2,1,true
54383,Wedge Plate 6 x 3 Right,Plates Angled,6,3,1,false
58176,Light Cover 1 x 1 Round with Internal Bar / Bionicle Barraki Eye,"Bars, Ladders and Fences",1,1,1,true
14395,"Brick Arch 1 x 5 x 4 [Continuous Bow, Raised Underside Cross Supports]",Bricks Curved,1,5,4,true
91988,Plate 2 x 14,Plates,2,14,1,true
15533,Brick Special 1 x 4 with Masonry Brick Profile,Bricks Special,1,4,1,true
92950,Brick Arch 1 x 6 Raised Arch,Bricks Curved,1,6,1,true
22888,Plate Round Half 4 x 8,Plates Round Curved and Dishes,4,8,1,true
73230,Technic Brick 1 x 1 with Axle Hole,Technic Bricks,1,1,1,false
6179,Plate Special 4 x 4 with Studs on One Edge [Plain],Plates Special,4,4,1,true
3894,Technic Brick 1 x 6 [5 Pin Holes],Technic Bricks,1,6,1,false
60593,Window 1 x 2 x 3 Flat Front,Windows and Doors,1,2,3,true
6003,Plate Round Corner 6 x 6,Plates Round Curved and Dishes,6,6,1,true
54384,Wedge Plate 6 x 3 Left,Plates Angled,6,3,1,false
4510,Plate Special 1 x 8 with Door Rail,Plates Special,1,8,1,true
52107,Brick Special 1 x 2 with Studs on 2 Sides,Bricks Special,1,2,1,true
59349,Panel 1 x 6 x 5,Panels,1,6,5,true
3702,Technic Brick 1 x 8 [7 Pin Holes],Technic Bricks,1,8,1,false
87697,Tyre 21 x 12 with Offset Tread Small Wide and Center Band,Wheels and Tyres,21,12,1,false
70681,"Brick Curved, 3 x 1 with 1/3 Inverted Cutout",Bricks Curved,3,1,1,true
47905,Brick Special 1 x 1 with Studs on 2 Sides,Bricks Special,1,1,1,true
43888,Support Round 1 x 1 x 6 Solid Pillar,"Supports, Girders and Cranes",1,1,6,true
15208,Plate Special 1 x 2 with Three Teeth [Tri-Tooth],Plates Special,1,2,1,true
43898,Dish 3 x 3 Inverted [Radar],Plates Round Curved and Dishes,3,3,1,true
43857,Technic Beam 1 x 2 Thick,Technic Beams,1,2,1,false
18649,Plate Special 1 x 2 with Handles on Ends,Plates Special,1,2,1,true
3703,Technic Brick 1 x 16 [15 Pin Holes],Technic Bricks,1,16,1,false
65509,Plate Special 2 x 4 with Groove and Two Center Studs (Jumper),Plates Special,2,4,1,true
3829c01,Steering Stand 1 x 2 with Black Steering Wheel,Transportation - Land,1,2,1,true
6232,Brick Special 2 x 2 with Pin and Axle Hole,Bricks Special,2,2,1,true
4216,Brick Special 1 x 2 with Groove,Bricks Special,1,2,1,true
98100,Brick Round 2 x 2 Truncated Cone,Bricks Round and Cones,2,2,1,true
30350b,Tile Special 2 x 3 with 2 Clips [Thick Open O Clips],Tiles Special,2,3,1,true
11213,Plate Round 6 x 6 with Hole,Plates Round Curved and Dishes,6,6,1,true
60602,Glass for Window 1 x 2 x 3 Flat Front,Windows and Doors,1,2,3,true
27261,Plate Special 2 x 3 with Rocks,Plates Special,2,3,1,true
4871,Slope Inverted 45° 4 x 2 Double with 2 x 2 Recessed,Bricks Sloped,4,2,1,true
17485,"Brick Round 2 x 2, Pin Holes",Bricks Round and Cones,2,2,1,true
41539,Plate 8 x 8,Plates,8,8,1,true
3028,Plate 6 x 12,Plates,6,12,1,true
11833,Plate Round 4 x 4 with 2 x 2 Round Opening,Plates Round Curved and Dishes,4,4,1,true
60594,Window 1 x 4 x 3 without Shutter Tabs,Windows and Doors,1,4,3,true
92438,Plate 8 x 16,Plates,8,16,1,true
87081,Brick Round 4 x 4 Centre Hole,Bricks Round and Cones,4,4,1,true
3633,Fence Lattice 1 x 4 x 1,"Bars, Ladders and Fences",1,4,1,true
30236,Brick Special 1 x 2 with Handle,Bricks Special,1,2,1,true
2460,Tile Special 2 x 2 with Top Pin,Tiles Special,2,2,1,true
23950,Panel 1 x 3 x 1,Panels,1,3,1,true
3938,Hinge Brick 1 x 2 Top Plate Thin,"Hinges, Arms and Turntables",1,2,1,true
3839b,Plate Special 1 x 2 with Handles [Flat Ends / Low Attachment],Plates Special,1,2,1,true
47456,"Wedge Curved 2 x 3 x 2/3 Two Studs, Wing End",Bricks Wedged,2,3,2/3,true
3895,Technic Brick 1 x 12 [11 Pin Holes],Technic Bricks,1,12,1,false
35044,Plate Special 4 x 4 with 3 x 3 Quarter Round Cutout,Plates Round Curved and Dishes,4,4,1,true
18646,Plate Round Half 3 x 6 with 1 x 2 Cutout,Plates Round Curved and Dishes,3,6,1,true
15254,Brick Arch 1 x 6 x 2 - Thin Top without Reinforced Underside [New Version],Bricks Curved,1,6,2,true
2653,Brick Special 1 x 4 with Groove,Bricks Special,1,4,1,true
50340,"Hinge Plate 1 x 2 Locking with 2 Fingers on Side, 7 Teeth","Hinges, Arms and Turntables",1,2,1,true
65578,"Bar, Angled with 1 x 1 Round Plate / Stud on End","Bars, Ladders and Fences",1,1,1,true
79389,Bracket 1 x 1 - 1 x 2,Plates Special,1,1,1,true
32063,Technic Beam 1 x 6 Thin,Technic Beams,1,6,1,false
42610,Wheel 11 x 8 with Center Groove,Wheels and Tyres,11,8,1,false
2921,Brick Special 1 x 1 with Handle,Bricks Special,1,1,1,true
22890,Plate Special 1 x 2 with End Towball,Plates Special,1,2,1,true
25893,Plate Round 1 x 1 with Hollow Stud and Bar on Underside,Plates Special,1,1,1,true
78329,Plate 1 x 5,Plates,1,5,1,true
30137,Brick Special 1 x 4 Palisade [aka Log],Bricks Special,1,4,1,true
30363,Slope 18° 4 x 2,Bricks Sloped,4,2,1,true
15458,Technic Panel 3 x 11 x 1,Technic Panels,3,11,1,false
4600,Plate Special 2 x 2 with Wheel Holders,Plates Special,2,2,1,true
64179,Technic Beam Frame 5 x 7 with 3 x 5 Opening Thick,Technic Beams Special,5,7,1,false
11610,Cone 1 x 1 Inverted with Bar at Bottom (Ice Cream Cone),Bricks Round and Cones,1,1,1,true
3680,"Turntable 2 x 2 Plate, Base","Hinges, Arms and Turntables",2,2,1,true
3679,Turntable 2 x 2 Plate - Top,"Hinges, Arms and Turntables",2,2,1,true
34816,Brick Special 1 x 2 with Vertical Closed Handle on Edge,Bricks Special,1,2,1,true
32009,Technic Beam 1 x 11.5 Double Bent Thick,Technic Beams,1,11,1,false
6180,Plate Special 4 x 6 with Studs on 3 Edges,Plates Special,4,6,1,true
15395,Brick Round 2 x 2 Dome Bottom [Open Stud],Bricks Round and Cones,2,2,1,true
67329,Brick Special 1 x 2 x 1 2/3 with 8 Studs on 3 Sides,Bricks Special,1,2,1,true
39739,Tile 1 x 1 Heart,Tiles Round and Curved,1,1,1,true
13731,Brick Curved 10 x 1 [Symmetric Inside Ridges],Bricks Curved,10,1,1,true
75937,"Plate Special 2 x 2 with Bar Frame Octagonal, Reinforced, Completely Round Studs",Plates Special,2,2,1,true
86996,Plate 1 x 1 x 2/3 with Open Stud,Plates,1,1,2/3,true
2730,Technic Brick 1 x 10 [9 Pin Holes],Technic Bricks,1,10,1,false
57360,"Hinge Cylinder 1 x 2 Locking with 2 Click Fingers and Axle Hole, 7 Teeth","Hinges, Arms and Turntables",1,2,1,true
6081,Brick Curved 2 x 4 x 1 1/3,Bricks Curved,2,4,1,true
2817,Plate Special 2 x 2 with 2 Pin Holes,Plates Special,2,2,1,true
3942c,"Cone 2 x 2 x 2, Open Stud",Bricks Round and Cones,2,2,2,true
3297,Slope 33° 3 x 4,Bricks Sloped,3,4,1,true
92013,Technic Brick Special 2 x 2 with Ball Socket Wide and Axle Hole,Technic Special,2,2,1,false
93095,Panel 1 x 2 x 1 with Rounded Corners and Central Divider,Panels,1,2,1,true
66792,Plate Round Corners 4 x 4 x 2/3 Circle with Reduced Knobs,Plates Round Curved and Dishes,4,4,2/3,true
30383,Hinge Plate 1 x 2 Locking with 1 Finger On Top,"Hinges, Arms and Turntables",1,2,1,true
15403,"Launcher, Plate Special 1 x 2 with Mini Blaster",Projectiles / Launchers,1,2,1,false
87609,"Plate Special 2 x 6 x 2/3 with 4 Studs on Side, 1 Support Wall on Bottom",Plates Special,2,6,2/3,true
32056,Technic Beam 3 x 3 L-Shape Thin,Technic Beams,3,3,1,false
92582,Hinge Plate 2 x 2 Locking with 1 Finger on Top,"Hinges, Arms and Turntables",2,2,1,true
30165,"Brick Curved 2 x 2, Two Top Studs",Bricks Curved,2,2,1,true
3830,Hinge Brick 1 x 4 [Upper],"Hinges, Arms and Turntables",1,4,1,true
3831,Hinge Brick 1 x 4 [Lower],"Hinges, Arms and Turntables",1,4,1,true
60476,Brick Special 1 x 1 with Clip Horizontal,Bricks Special,1,1,1,true
87414,Tyre 15 x 6 Offset Tread Small with Band around Center,Wheels and Tyres,15,6,1,false
22886,Brick 1 x 2 x 3 with Bottom Stud Holder,Bricks,1,2,3,true
57895,Glass for Window 1 x 4 x 6,Windows and Doors,1,4,6,true
6106,Wedge Plate 6 x 6 Cut Corner,Plates Angled,6,6,1,false
14419,Plate Special 1 x 2 with 5.9mm Towball Socket and Towball,Plates Special,1,2,1,true
35459,Tile Special 1 x 3 Inverted with Center Hole,Tiles Special,1,3,1,true
56145,"Wheel 30.4 x 20 without Pinholes, with Reinforced Rim",Wheels and Tyres,4,20,1,false
2419,Wedge Plate 3 x 6 Cut Corners,Plates Angled,3,6,1,false
59895,Tyre 14 x 4 Smooth Small Single [New Style],Wheels and Tyres,14,4,1,false
64799,Plate Special 4 x 4 with 2 x 2 Opening,Plates Special,4,4,1,true
32530,Technic Pin Connector Plate 1 x 2 x 1 2/3 [Two Holes On Top],Technic Connectors,1,2,1,false
90195,Window 1 x 2 x 2 Castle,Windows and Doors,1,2,2,true
10202,Tile 6 x 6 with Bottom Tubes,Tiles,6,6,1,true
15456,Plate Special 2 x 2 with Towball and Hole,Plates Special,2,2,1,true
14718,Panel 1 x 4 x 2 with Side Supports - Hollow Studs,Panels,1,4,2,true
2723,Technic Disc 3 x 3,Technic Special,3,3,1,false
92402,Tyre 30.4 x 14 Offset Tread [Centre Band],Wheels and Tyres,4,14,1,false
50745,"Wheel Arch, Mudguard 4 x 2 1/2 x 2 with 2 x 2 Plate",Transportation - Land,4,2,1,true
38320,Window Pane Latticed 1 x 2 x 2,Windows and Doors,1,2,2,true
15332,Fence Spindled 1 x 4 x 2 [4 Top Studs],"Bars, Ladders and Fences",1,4,2,true
47458,"Wedge Curved 1 x 2 x 2/3 No Studs, Wing End",Bricks Wedged,1,2,2/3,true
32001,Technic Plate 2 x 6 [5 Holes],Plates Special,2,6,1,true
32018,Technic Brick 1 x 14 [13 Pin Holes],Technic Bricks,1,14,1,false
30099,Brick Arch 1 x 5 x 4 Inverted,Bricks Curved,1,5,4,true
3038,Slope 45° 2 x 3,Bricks Sloped,2,3,1,true
4488,Plate Special 2 x 2 with Wheel Holder,Plates Special,2,2,1,true
61485,"Turntable 4 x 4 Square Base, Locking","Hinges, Arms and Turntables",4,4,1,true
85943,Technic Brick 1 x 2 with Hole and Dual Beam Extensions,Technic Special,1,2,1,false
30602,"Slope Curved 2 x 2 with Lip, No Studs",Bricks Curved,2,2,1,true
66956,Slope Curved 2 x 2 with Stud Notches,Bricks Curved,2,2,1,true
6215,Brick Curved 2 x 3,Bricks Curved,2,3,1,true
39789,Brick Special 2 x 4 with 3 Axle Holes,Bricks Special,2,4,1,true
79756,"Brick Curved 1 x 4 x 2/3 Double, No Studs",Bricks Curved,1,4,2/3,true
64225,Wedge Curved 4 x 3 No Studs [Plain],Bricks Wedged,4,3,1,true
60616,Door 1 x 4 x 6 Smooth [Undetermined Stud Handle],Windows and Doors,1,4,6,true
68013,"Brick Round, Half 1 x 2",Bricks Round and Cones,1,2,1,true
50951,Tyre 14 x 6 Solid Smooth,Wheels and Tyres,14,6,1,false
32348,Technic Beam 1 x 7 Bent (4 - 4) Thick,Technic Beams,1,7,1,false
3738,Technic Plate 2 x 8 [7 Holes],Plates Special,2,8,1,true
2639,Plate 4 x 4 Corner,Plates,4,4,1,true
78256,Plate Special 1 x 2 with Clip Vertical on End,Plates Special,1,2,1,true
30000,Brick Special 2 x 2 with 2 Pins and Axle Hole,Bricks Special,2,2,1,true
90194,Wedge Plate 3 x 4 with Stud Notches [Reinforced Underside],Plates Angled,3,4,1,false
78666,Brick Curved 2 x 1 with Inverted Cutout,Bricks Curved,2,1,1,true
22889,Slope Inverted 45° 6 x 2 Double with 2 x 4 Recessed,Bricks Sloped,6,2,1,true
33243,Brick Curved 1 x 3 x 2,Bricks Curved,1,3,2,true
30176,"Plant, Round 1 x 1 - 3 Bamboo Leaves",Plants & Trees,1,1,1,true
6191,"Brick Curved 1 x 4 x 1 1/3 No Studs, Lowered Inside Support",Bricks Curved,1,4,1,true
90258,Brick Special 2 x 2 with Grooves and Axle Hole,Bricks Special,2,2,1,true
6629,Technic Beam 1 x 9 Bent (6 - 4) Thick,Technic Beams,1,9,1,false
6060,Brick Arch 1 x 6 x 3 1/3 Curved Top,Bricks Curved,1,6,3,true
3006,Brick 2 x 10,Bricks,2,10,1,true
47397,Wedge Plate 12 x 3 Left,Plates Angled,12,3,1,false
64782,Technic Panel 5 x 11 x 1,Technic Panels,5,11,1,false
85975,Cone 1.17 x 1.17 x 2/3 (Fez),Bricks Round and Cones,17,1,1,true
30028,Tyre 14 x 9 Smooth Small Wide Slick,Wheels and Tyres,14,9,1,false
47398,Wedge Plate 12 x 3 Right,Plates Angled,12,3,1,false
6182,Brick Arch 1 x 4 x 2,Bricks Curved,1,4,2,true
68568,Plate Round Corner 3 x 3 with 2 x 2 Round Cutout,Plates Round Curved and Dishes,3,3,1,true
46212,Brick 1 x 2 x 5 without Side Supports,Bricks,1,2,5,true
11209,Tyre 21 x 9.9,Wheels and Tyres,21,9,1,false
48171,"Technic Brick Special 2 x 2 with Pin Hole, Rotation Joint Ball Half [Vertical Side]",Technic Special,2,2,1,false
30145,Brick 2 x 2 x 3,Bricks,2,2,3,true
92410,Cupboard 2 x 3 x 2 with Hollow Studs,Containers,2,3,2,true
95344,Bucket 1 x 1 x 1 Handle,Containers,1,1,1,true
53923,Hinge Cylinder 1 x 2 Locking with 1 Finger and Axle Hole On Ends [No Side Slots],"Hinges, Arms and Turntables",1,2,1,true
14720,Technic Beam 3 x 5 Thick [90° Offset Centre Beam Holes],Technic Beams Special,3,5,1,false
6157,Plate Special 2 x 2 with Wheels Holder Wide,Plates Special,2,2,1,true
39793,Technic Connector Beam 3 x 3,Technic Beams,3,3,1,false
10884,"Plant, Leaves 6 x 5 Swordleaf with Clip [Thick Open O Clip]",Plants & Trees,6,5,1,true
98282,"Wheel Arch, Mudguard 4 x 2 1/2 x 1",Transportation - Land,4,2,1,true
16577,Brick Arch 1 x 8 x 2 Raised,Bricks Curved,1,8,2,true
28326,"Wheel Arch, Mudguard 3 x 4 with 2 x 2 Plate",Transportation - Land,3,4,1,true
50304,"Wedge Plate 8 x 3, 22° Right",Plates Angled,8,3,1,false
3960,Dish 4 x 4 Inverted [Radar],Plates Round Curved and Dishes,4,4,1,true
2462,Wedge 3 x 3 Facet,Bricks Wedged,3,3,1,true
98834,Spoiler 2 x 4 with Handle [Plain],Transportation - Land,2,4,1,true
42022,Brick Curved 6 x 1,Bricks Curved,6,1,1,true
74967,"Wheel 8 x 9 with Hole Notched for Wheels Holder Pin, Re-inforced Back",Wheels and Tyres,8,9,1,false
30157,Plate Special 2 x 4 with Pins,Plates Special,2,4,1,true
15400,"Launcher, Brick Special 1 x 4 Spring Shooter with Light Bluish Gray Top",Projectiles / Launchers,1,4,1,false
91501,Panel 2 x 2 x 1 Corner,Panels,2,2,1,true
4346,Box 2 x 2 x 2 Door with Slot,Containers,2,2,2,true
42023,Brick Curved 6 x 1 Inverted,Bricks Curved,6,1,1,true
91405,Plate 16 x 16,Plates,16,16,1,true
43719,Wedge Plate 4 x 4 with 2 x 2 Cutout,Plates Angled,4,4,1,false
26599,Plate Special 2 x 4 with 2 Pin Holes,Plates Special,2,4,1,true
4590,Plate Special 1 x 4 Offset with Bar Holes,Plates Special,1,4,1,true
21445,"Plate Special 1 x 2 with Wheel Holder, Single Slit",Plates Special,1,2,1,true
52031,Slope Curved 4 x 6 x 2/3 Triple Curved with 4 Studs,Bricks Curved,4,6,2/3,true
13971,Wheel 18 x 8 with Fake Bolts and Deep Spokes with Inner Ring,Wheels and Tyres,18,8,1,false
50305,"Wedge Plate 8 x 3, 22° Left",Plates Angled,8,3,1,false
42918,Slope Curved 8 x 2 No Studs,Bricks Curved,8,2,1,true
53119,Plate Round 1 x 1 Swirled Top / Poo,Plates Round Curved and Dishes,1,1,1,true
15209,Tile Special 1 x 2 with Two Vertical Teeth / Tooth,Tiles Special,1,2,1,true
18977,Tyre 24 x 12 Low Profile,Wheels and Tyres,24,12,1,false
30044,Window 1 x 2 x 2 2/3 with Rounded Top,Windows and Doors,1,2,2,true
32271,Technic Beam 1 x 9 Bent (7 - 3) Thick,Technic Beams,1,9,1,false
25375,Tassel with 1 x 1 Round Stud,Minifig Accessories,1,1,1,false
62113,Bar 1 x 4 x 3 [End Tabs],"Bars, Ladders and Fences",1,4,3,true
76766,"Bracket 5 x 2 x 2 1/3 with Holes, Inside Stud Holder",Bricks Special,5,2,2,true
73109,Technic Brick Special 1 x 2 with Pin Hole and 1 x 2 Plate,Technic Bricks,1,2,1,false
30504,Wedge Plate 8 x 8 Cut Corner,Plates Angled,8,8,1,false
3743,Technic Gear Rack 1 x 4,Technic Gears,1,4,1,false
30562,Panel 4 x 4 x 6 Quarter Cylinder,Panels,4,4,6,true
49311,Brick 1 x 4 x 3,Bricks,1,4,3,true
32802,Slope Inverted 45° 4 x 1 Double with 1 x 2 Recessed,Bricks Sloped,4,1,1,true
88293,Brick Round Corner 3 x 3 x 2 Dome Top,Bricks Round and Cones,3,3,2,true
27448,Turntable 2 x 2 Female,"Hinges, Arms and Turntables",2,2,1,true
43045,Hinge Plate 2 x 4 with Pin Hole with 2 Holes - Top,"Hinges, Arms and Turntables",2,4,1,true
52501,Slope Inverted 45° 6 x 1 Double with 1 x 4 Recessed,Bricks Sloped,6,1,1,true
92099,Plate Special 4 x 6 with Trap Door Hinge [Long Pins],"Hinges, Arms and Turntables",4,6,1,true
38585,Brick Special Arch 1 1/2 x 1 1/2 Corner,Bricks Curved,2,1,1,true
60603,Glass for Window 1 x 4 x 3 [Opening],Windows and Doors,1,4,3,true
30663,"Steering Wheel Small, 2 x 2",Transportation - Land,2,2,1,true
60032,"Window 1 x 2 x 2 Plane, Hollow Studs, Single Hole Top and Bottom for Glass",Windows and Doors,1,2,2,true
85941,Cylinder Half 2 x 4 x 5 with 1 x 2 cutout,Bricks Round and Cones,2,4,5,true
2489,Barrel 2 x 2 x 2,Containers,2,2,2,true
4536,Cupboard 2 x 3 Drawer,Containers,2,3,1,true
41948,Plate 8 x 8 with Rounded End,Plates Round Curved and Dishes,8,8,1,true
95347,"Support 2 x 2 x 10 Girder Triangular Vertical - Type 4 - 3 Posts, 3 Sections","Supports, Girders and Cranes",2,2,10,true
60219,Slope Inverted 45° 6 x 4 Double with 4 x 4 Recessed and 3 Holes,Bricks Sloped,6,4,1,true
50861,Tyre 21 x 6 City Motorcycle,Wheels and Tyres,21,6,1,false
48169,"Technic Brick Special 2 x 2 with Pin Hole, Rotation Joint Socket",Technic Special,2,2,1,false
61780,Container Box 2 x 2 x 2 - Top Opening,Containers,2,2,2,true
65803,Brick Special 16 x 16 x 1 1/3 with Pinholes,Bricks Special,16,16,1,true
58090,Tyre 30.4 x 14 VR Solid,Wheels and Tyres,4,14,1,false
4445,Slope 45° 2 x 8,Bricks Sloped,2,8,1,true
2655,"Wheel Holder, Plate, Round 2 x 2 Thin with Clips",Transportation - Land,2,2,1,true
65617,Brick Round Corner 3 x 3 x 1 No Studs,Bricks Round and Cones,3,3,1,true
3675,Slope 33° 3 x 3 Double Convex,Bricks Sloped,3,3,1,true
50862,Wheel Centre 15 x 6 City Motorcycle with Stub Axles,Wheels and Tyres,15,6,1,false
30150,Box / Crate with Handholds 3 x 4 x 1 2/3,Containers,3,4,1,true
48208,Wedge Plate 6 x 4 Left,Plates Angled,6,4,1,false
45677,Slope Curved 4 x 4 x 2/3 Triple Curved with 2 Studs,Bricks Curved,4,4,2/3,true
30046,Window 1 x 2 x 2 2/3 Pane Lattice Diamond with Rounded Top,Windows and Doors,1,2,2,true
71752,Plate Special 2 x 2 x 2/3 with Axle Hole and Grill on Sides (Haybale),Plates Special,2,2,2/3,true
44568,Hinge Plate 1 x 4 Locking Dual 1 Finger,"Hinges, Arms and Turntables",1,4,1,true
61254,Tyre Offset Tread with Center Band 23 x 7,Wheels and Tyres,23,7,1,false
32555,Technic Brick 5 x 5 Right Angle (1 x 4 - 1 x 4),Technic Bricks,5,5,1,false
48205,Wedge Plate 6 x 4 Right,Plates Angled,6,4,1,false
4175,Plate Special 1 x 2 with Ladder,Plates Special,1,2,1,true
24119,Technic Panel Curved 7 x 3 with 2 Pin Holes through Panel Surface,Technic Panels,7,3,1,false
64570,Bracket 2 x 6 - 1 x 6 Inverted,Plates Special,2,6,1,true
32059,Wedge Plate 4 x 6 Cut Corners,Plates Angled,4,6,1,false
15397,Plate 3 x 3 Cross,Plates,3,3,1,true
4863,"Window 1 x 4 x 2 Plane, Solid Studs",Windows and Doors,1,4,2,true
3940b,Support Round 2 x 2 x 2 Stand with Reach-Through Center Hole,"Supports, Girders and Cranes",2,2,2,true
43710,Wedge Sloped 4 x 2 Triple Left,Bricks Wedged,4,2,1,true
3027,Plate 6 x 16,Plates,6,16,1,true
67810,"Brick Curved 2 x 2 x 1 1/3 Curved Top, Corner",Bricks Curved,2,2,1,true
60212,"Wheel Arch, Mudguard 2 x 4 Studded with Hole",Transportation - Land,2,4,1,true
92409,Tyre 17.5 x 6 with Shallow Staggered Treads and Middle Band,Wheels and Tyres,5,6,1,false
71708,Technic Beam 2 x 3 L-Shape with Quarter Ellipse Thick,Technic Beams,2,3,1,false
32932,Fence 1 x 4 x 2 Ornamental Asian Lattice Square with 4 Studs,"Bars, Ladders and Fences",1,4,2,true
66789,Plate Round Corners 6 x 6 x 2/3 Circle with Reduced Knobs,Plates Round Curved and Dishes,6,6,2/3,true
2825,Technic Beam 1 x 4 Thin with Stud Connector,Technic Beams,1,4,1,false
6187,Bar 1 x 4 x 2,"Bars, Ladders and Fences",1,4,2,true
3676,Slope Inverted 45° 2 x 2 Double Convex,Bricks Sloped,2,2,1,true
4595,Brick Special 1 x 2 x 2/3 with Studs on Sides,Bricks Special,1,2,2/3,true
3185,Fence Lattice 1 x 4 x 2,"Bars, Ladders and Fences",1,4,2,true
93604,Slope Curved 3 x 4 x 2/3 Triple Curved with 2 Sunk Studs,Bricks Curved,3,4,2/3,true
24116,Technic Panel Curved and Bent 6 x 3,Technic Panels,6,3,1,false
32324,Technic Brick 4 x 4 with 2 x 2 Opening,Technic Bricks,4,4,1,false
6020,Bar 7 x 3 with Double Clips (Ladder) [Straight Clips],"Bars, Ladders and Fences",7,3,1,true
32249,Technic Beam 3 x 3 L-Shape with Quarter Ellipse Thin,Technic Beams,3,3,1,false
43713,Wedge Curved Inverted 6 x 4,Bricks Wedged,6,4,1,true
72454,"Slope Inverted 45° 4 x 4 Double with 4 x 2 Recessed, 2 Holes",Bricks Sloped,4,4,1,true
87617,Cylinder 1 x 5 1/2 with Handle (Friction Cylinder),"Bars, Ladders and Fences",1,5,1,true
43056,Hinge Plate 2 x 4 with Pin Hole with 2 Holes - Bottom,"Hinges, Arms and Turntables",2,4,1,true
63082,"Plate Special 2 x 2 with Towball Socket, Short, Flattened with Holes and Axle Hole in Center",Plates Special,2,2,1,true
30586,Plate Special 2 x 8 with Door Rail,Plates Special,2,8,1,true
60607,Window 1 x 2 x 3 Pane Latticed with Thick Corner Tabs,Windows and Doors,1,2,3,true
11291,Wedge Curved 3 x 4 x 2/3 Cutout,Bricks Wedged,3,4,2/3,true
73507,Technic Beam 1 x 11 Thick with Alternating Holes,Technic Beams,1,11,1,false
4533,Cupboard 2 x 3 x 2 Door,Containers,2,3,2,true
14413,Wedge 4 x 4 Facet,Bricks Wedged,4,4,1,true
18759,Slope Inverted 45° 3 x 1 Double with 2 Blocked Open Studs,Bricks Sloped,3,1,1,true
38583,Brick Special Arch 1 x 2 Jumper,Bricks Curved,1,2,1,true
95188,Brick Round Corner 6 x 6 with 33° Slope and Facet Cutout,Bricks Round and Cones,6,6,1,true
24593,Cylinder Half 2 x 4 x 2 with 1 x 2 Cutout,Bricks Round and Cones,2,4,2,true
61072,Plate Special 1 x 4 with Angled Tubes,Plates Special,1,4,1,true
67095,Tile Round 3 x 3,Tiles Round and Curved,3,3,1,true
92692,Plate Special 1 x 2 with Angled Handles on Side,Plates Special,1,2,1,true
18976,Wheel 18 x 12 with Axle Hole and Stud,Wheels and Tyres,18,12,1,false
55615,Technic Pin Connector Hub Perpendicular 3 x 3 Bent with 4 Pins (Pin Ridges Across Part),Technic Connectors,3,3,1,false
47755,"Wheel Arch, Curved Wedge 4 x 3 with 2 x 2 Opening and 4 Studs",Transportation - Land,4,3,1,true
41748,"Wedge Curved 6 x 2 Left, Inner Ridges",Bricks Wedged,6,2,1,true
62361,"Wheel Arch, Mudguard, 1 1/2 x 6 x 1 [Arch Extended]",Transportation - Land,2,6,1,true
6259,Cylinder Half 2 x 4 x 4,Bricks Round and Cones,2,4,4,true
33492,Cone 1 1/2 x 1 1/2 x 2/3,Bricks Round and Cones,2,1,1,true
56890,Tyre 24 x 12 R Balloon,Wheels and Tyres,24,12,1,false
51239,Window Frame 1 x 3 x 3,Windows and Doors,1,3,3,true
41747,"Wedge Curved 6 x 2 Right, Inner Ridges",Bricks Wedged,6,2,1,true
43711,Wedge Sloped 4 x 2 Triple Right,Bricks Wedged,4,2,1,true
79987,Plate Special 1 x 3 with 2 Clips on Top,Plates Special,1,3,1,true
6233,Cone 3 x 3 x 2,Bricks Round and Cones,3,3,2,true
3685,Slope 75° 2 x 2 x 3 Double Convex,Bricks Sloped,2,2,3,true
99784,Bar 1 x 12 with 1 x 2 Plate End with Hollow Studs and 1 x 1 Round Plate End,"Bars, Ladders and Fences",1,12,1,true
53540,"Brick Special 1 x 2 with 2 Pins, Square Pin Holes",Bricks Special,1,2,1,true
6183,Brick Arch 1 x 6 x 2 Curved Top,Bricks Curved,1,6,2,true
4735,Bar 1 x 3 [Clip / Anti-Stud],"Bars, Ladders and Fences",1,3,1,true
41854,Mudguard 2 x 4 with 2 x 2 Studs and Flared Wings,Transportation - Land,2,4,1,true
19121,Fence Ornamented 1 x 4 x 2 with 4 Studs,"Bars, Ladders and Fences",1,4,2,true
3956,Bracket 2 x 2 - 2 x 2,Plates Special,2,2,1,true
47753,Wedge Curved 4 x 4 No Top Studs,Bricks Wedged,4,4,1,true
93594,Wheel 11 x 6 with Smooth Hubcap,Wheels and Tyres,11,6,1,false
50943,Engine / Air Scoop 2 x 2,Transportation - Land,2,2,1,true
6190,"Bar 1 x 3 (Radio Handle, Phone Handset)","Bars, Ladders and Fences",1,3,1,true
47847,Rock Panel 2 x 4 x 6,Rock,2,4,6,true
35442,Plate Special 2 x 2 Splat Gear with 6 Teeth,Plates Special,2,2,1,true
30505,Wedge 3 x 3 Cut Corner,Bricks Wedged,3,3,1,true
30151b,"Brick Round 2 x 2 x 1 2/3 Dome Top, Hollow Stud",Bricks Round and Cones,2,2,1,true
6222,Brick Round 4 x 4 with 4 Side Pin Holes and Center Axle Hole,Bricks Round and Cones,4,4,1,true
40066,Panel 1 x 6 x 7 with 2 Columns and Arch,Panels,1,6,7,true
21229,Fence Spindled 4 x 4 x 2 Quarter Round with 3 Studs,"Bars, Ladders and Fences",4,4,2,true
15092,Plate 2 x 2 with 2 Pins,Plates Special,2,2,1,true
60623,Door 1 x 4 x 6 with 4 Panes and Stud Handle,Windows and Doors,1,4,6,true
60608,Window 1 x 2 x 3 Pane with Thick Corner Tabs,Windows and Doors,1,2,3,true
35789,"Wheel Arch, Mudguard 4 x 2 x 2 1/2",Transportation - Land,4,2,2,true
30355,Wedge Plate 6 x 12 Left,Plates Angled,6,12,1,false
48170,"Technic Brick Special 2 x 2 with Pin Hole, Rotation Joint Ball Half [Horizontal Top]",Technic Special,2,2,1,false
35654,"Grille Bar 1 x 4 x 1 2/3 Bull Bar, Rounded",Transportation - Land,1,4,1,true
42862,Wedge Sloped 45° 3 x 3 Left,Bricks Wedged,3,3,1,true
48165,Wedge Sloped 45° 3 x 3 Right,Bricks Wedged,3,3,1,true
2926,Plate Special 1 x 4 with Wheels Holder,Plates Special,1,4,1,true
30356,Wedge Plate 6 x 12 Right,Plates Angled,6,12,1,false
32017,Technic Beam 1 x 5 Thin,Technic Beams,1,5,1,false
89201,"Tyre 24 x 14 Shallow Tread (Tread Small Hub), Band Around Center of Tread",Wheels and Tyres,24,14,1,false
60208,"Wheel 31 x 15 Technic, 7 Pin Holes",Wheels and Tyres,31,15,1,false
57697,Hinge Cylinder 1 x 3 Locking with 1 Finger and Technic Friction Pin with Squared Hole,"Hinges, Arms and Turntables",1,3,1,true
66727,Wheel 18 x 12 with Pin Hole and Stud,Wheels and Tyres,18,12,1,false
65426,Wedge Plate 2 x 4 27° Right,Plates Angled,2,4,1,false
44674,Mudguard 2 x 4 with Molded Headlights,Transportation - Land,2,4,1,true
71709,Technic Panel 3 x 7 x 1,Technic Panels,3,7,1,false
3043,Slope 45° 2 x 2 Double,Bricks Sloped,2,2,1,true
3823,Windscreen 2 x 4 x 2,Windscreens and Fuselage,2,4,2,false
39794,Technic Beam Frame 7 x 11,Technic Beams Special,7,11,1,false
55976,Tyre 56 x 26 Balloon,Wheels and Tyres,56,26,1,false
13349,Wedge Sloped Inverted 4 x 4 Triple [4 Connections between Front Studs],Bricks Wedged,4,4,1,true
4176,"Windscreen 2 x 6 x 2, Wide Top",Windscreens and Fuselage,2,6,2,false
24599,"Brick Round Corner 5 x 5 x 1 Curved, Bottom Cut Outs, No Studs, 7 Bottom Tubes",Bricks Round and Cones,5,5,1,true
56904,Wheel 30 x 14,Wheels and Tyres,30,14,1,false
35470,Plate Special 3 x 5 Cloud with 3 Center Studs,Plates Special,3,5,1,true
64448,Support 1 x 6 x 5 Girder Rectangular,"Supports, Girders and Cranes",1,6,5,true
95343,Bucket 1 x 1 x 1,Containers,1,1,1,true
71682,Technic Panel Fairing 2 x 3 x 1,Technic Panels,2,3,1,false
30987,Cylinder Quarter 2 x 2 x 5 (Wall),Panels,2,2,5,true
6564,Wedge 3 x 2 Right,Bricks Wedged,3,2,1,true
65473,Brick Round 2 x 2 D. Tube with 45° Elbow and Axle Holes (Crossholes) at Each End [SHORT],Bricks Round and Cones,2,2,1,true
6154,"Door Frame 1 x 4 x 4, Holes (Lift)",Windows and Doors,1,4,4,true
65429,Wedge Plate 2 x 4 27° Left,Plates Angled,2,4,1,false
3821,Door 1 x 3 x 1 Right,Windows and Doors,1,3,1,true
32250,Technic Beam 3 x 5 L-Shape with Quarter Ellipse Thin,Technic Beams,3,5,1,false
60808,Panel 1 x 4 x 5 with Arched Window,Panels,1,4,5,true
44126,Brick Curved 6 x 2,Bricks Curved,6,2,1,true
4727,"Plant, Flower 2 x 2 Leaves - Angular",Plants & Trees,2,2,1,true
23405,Panel 1 x 6 x 5 [Vertical Corrugated],Panels,1,6,5,true
50337,"Hinge Plate 3 x 4 Locking Dual 2 Finger, 7 teeth","Hinges, Arms and Turntables",3,4,1,true
20309,Window 1 x 4 x 1 2/3 with Spoked Rounded Top,Windows and Doors,1,4,1,true
3822,Door 1 x 3 x 1 Left,Windows and Doors,1,3,1,true
3456,Plate 6 x 14,Plates,6,14,1,true
4151,Plate Special 8 x 8 with Grille [Undetermined Center],Plates Special,8,8,1,true
38340,Train Wheel RC Train 16.6 x 23,Wheels and Tyres,6,23,1,false
18838,Brick Arch 1 x 12 x 3 Raised Arch with 5 Cross Supports,Bricks Curved,1,12,3,true
62531,Technic Panel Curved 11 x 3 with 2 Pin Holes through Panel Surface,Technic Panels,11,3,1,false
32065,Technic Beam 1 x 7 Thin,Technic Beams,1,7,1,false
35700,Container Box 2 x 2 x 1 [Plain],Containers,2,2,1,true
6583,Plate Special 1 x 6 with Train Wagon End Fence,"Bars, Ladders and Fences",1,6,1,true
47759,Wedge Sloped 45° 2 x 4 Triple,Bricks Wedged,2,4,1,true
78444,Wedge Plate 6 x 2 Right,Plates Angled,6,2,1,false
93593,Wheel 11 x 6 with 8 Spokes,Wheels and Tyres,11,6,1,false
18910,Hinge Panel 3 x 4 x 3 Curved,"Hinges, Arms and Turntables",3,4,3,true
54671,"Hinge Brick 1 x 2 Locking with 2 Fingers Vertical End, 7 teeth","Hinges, Arms and Turntables",1,2,1,true
11010,Minifig Ring 1 x 1,Minifig Accessories,1,1,1,false
41669,Technic Tooth 1 x 3 with Axle Hole [Rounded Underside],Technic Special,1,3,1,false
93595,Wheel 11 x 6 with 8 'Y' Spokes [Plain],Wheels and Tyres,11,6,1,false
65138,Dish 4 x 4 with 4 Studs,Plates Round Curved and Dishes,4,4,1,true
18944,Technic Panel Curved 3 x 13,Technic Panels,3,13,1,false
30526,"Brick Special 1 x 2 with 2 Pins, Round Pin Holes",Bricks Special,1,2,1,true
78443,Wedge Plate 6 x 2 Left,Plates Angled,6,2,1,false
6565,Wedge 3 x 2 Left,Bricks Wedged,3,2,1,true
54672,"Hinge Brick 1 x 2 Locking with 2 Fingers Horizontal End, 7 Teeth","Hinges, Arms and Turntables",1,2,1,true
18945,Technic Panel 5 x 11 x 1 Tapered,Technic Panels,5,11,1,false
76797,"Brick Round Corner, Curved 3 x 3 x 1 Quarter Circle",Bricks Round and Cones,3,3,1,true
18974,"Wheel Arch, Mudguard 4 x 2 1/2 x 2 1/3",Transportation - Land,4,2,1,true
39613,Plate Angled 3 x 3 with Heart Shape,Plates Round Curved and Dishes,3,3,1,true
87421,Panel 3 x 3 x 6 Corner Wall without Bottom Indentations,Panels,3,3,6,true
71710,Technic Beam 1 x 15 Thick with Alternating Holes,Technic Beams,1,15,1,false
15413,Tyre 49.53 x 20,Wheels and Tyres,53,20,1,false
14181,Wedge Plate 4 x 9 with Stud Notches,Plates Angled,4,9,1,false
86876,"Brick Special 1 x 2 with 1 Center Stud on 1 Side, Bottom Stud Holder",Bricks Special,1,2,1,true
51266,Glass For Frame 1 x 3 x 3,Windows and Doors,1,3,3,true
4083,Bar 1 x 4 x 2 with Studs,"Bars, Ladders and Fences",1,4,2,true
15540,Helicopter Landing Ski 1 x 6 with Pin Hole,Transportation - Sea and Air,1,6,1,true
54661,Hinge Brick 1 x 4 Locking with 1 Finger Vertical End and 2 Fingers Vertical End with 7 Teeth,"Hinges, Arms and Turntables",1,4,1,true
65092,Plate Special 8-Sided Crystal/Gem 1 x 1 x 2/3,Rock,1,1,2/3,true
4161,Slope 33° 3 x 3,Bricks Sloped,3,3,1,true
44809,Technic Pin Connector Perpendicular 2 x 2 Bent,Technic Connectors,2,2,1,false
24947,Brick Round 2 x 2 x 1 1/3 Inverted,Bricks Round and Cones,2,2,1,true
2340,"Wing, Tail 4 x 1 x 3",Transportation - Sea and Air,4,1,3,true
6249,Brick Special 2 x 4 with Pins,Bricks Special,2,4,1,true
64867,Wedge 4 x 4 Fractured Polygon Top,Bricks Wedged,4,4,1,true
30385,Rock 1 x 1 Crystal 5 Point,Rock,1,1,1,true
43712,Wedge Curved 6 x 4 Triple,Bricks Wedged,6,4,1,true
11954,Technic Panel Curved 11 x 3 with 10 Pin Holes through Panel Surface,Technic Panels,11,3,1,false
30134,Stairs 7 x 4 x 6 Straight Open,"Bars, Ladders and Fences",7,4,6,true
15469,"Plant, Leaves, Round 2 x 2 x 2/3 with + Axle Hole and 4 Leaf Extensions",Plants & Trees,2,2,2/3,true
54662,"Hinge Cylinder 1 x 3 Locking with 1 Finger and 2 Fingers On Ends, with Hole, 7 Teeth","Hinges, Arms and Turntables",1,3,1,true
2415,"Wheel Holder 2 x 2 Thin with Clips, Plane Single",Transportation - Land,2,2,1,true
3299,Slope 33° 2 x 4 Double,Bricks Sloped,2,4,1,true
35443,Plate Special 4 x 4 Splat Gear with 10 Teeth,Plates Special,4,4,1,true
80015,Plate Round Corner 5 x 5 with 4 x 4 Round Cutout,Plates Round Curved and Dishes,5,5,1,true
92107,Plate Special 6 x 8 Trap Door Frame Horizontal [Long Pin Holders],"Hinges, Arms and Turntables",6,8,1,true
41531,"Technic Cylinder 4 x 4 with Pin Holes and Centre Bar, Closed Sides on Bar",Transportation - Sea and Air,4,4,1,true
22391,Wedge Sloped 4 x 4 Pointed,Bricks Wedged,4,4,1,true
62360,Windscreen 3 x 6 x 1 Curved with 2 Circular Stud Holders in Bottom,Windscreens and Fuselage,3,6,1,false
11455,Technic Pin Connector Perpendicular 2 x 4 Bent - Beam with 90 Hole Ø 4.8,Technic Connectors,2,4,1,false
41767,Wedge 4 x 2 Right,Bricks Wedged,4,2,1,true
77808,Brick Special 1 x 2 Rounded with Center Bars,Bricks Special,1,2,1,true
66857,Tile Round 2 x 4,Tiles Round and Curved,2,4,1,true
50956,Wedge Curved 10 x 3 Right,Bricks Wedged,10,3,1,true
2486,Bar 1 x 8 x 2,"Bars, Ladders and Fences",1,8,2,true
74698,Tile Round 2 x 2 - Thick Lifting Ring,Tiles Special,2,2,1,true
78594,Panel 2 x 2 x 5 Corner,Panels,2,2,5,true
79757,"Brick Curved 2 x 2 x 2/3 Double, Corner, No Studs",Bricks Curved,2,2,2/3,true
6256,Equipment Dish / Plate / Bowl 3 x 3 [Plain],Minifig Accessories,3,3,1,false
30043,Plate Special 1 x 4 with Bar Down,Plates Special,1,4,1,true
50955,Wedge Curved 10 x 3 Left,Bricks Wedged,10,3,1,true
93571,"Technic Axle Connector 2 x 3 with Ball Socket, Open Lower Axle Holes",Technic Connectors,2,3,1,false
4515,Slope 10° 6 x 8,Bricks Sloped,6,8,1,true
65635,"Brick Special 2 x 6 x 1 1/3 with Axle Holes and 2 x 4 Recessed, Bar at Underside",Bricks Special,2,6,1,true
72206,Wheel Rim 24 x 12 with Black Tyre,Wheels and Tyres,24,12,1,false
71771,Slope Curved 5 x 8 x 2/3 with No Studs on Top,Bricks Curved,5,8,2/3,true
66955,"Slope Curved 4 x 3 with 3 Layers, 1 x 3 Cutout on Underside",Bricks Curved,4,3,1,true
50949,"Grille / Spoiler with 1 x 2 Plate, 2 x 2 Anti-studs (Racers Car)",Transportation - Land,1,2,1,true
3300,Slope 33° 2 x 2 Double,Bricks Sloped,2,2,1,true
60599,Door Frame 2 x 4 x 6,Windows and Doors,2,4,6,true
32739,Slope 4 x 6 x 2/3 Double,Bricks Sloped,4,6,2/3,true
42205,Door Frame 1 x 6 x 6,Windows and Doors,1,6,6,true
48933,"Wedge Sloped 4 x 4 Triple, Stud Notches",Bricks Wedged,4,4,1,true
